{"v":"4.7.1","fr":60,"ip":0,"op":88,"w":150,"h":150,"nm":"Thumbsup_AnimOn","ddd":0,"assets":[],"layers":[{"ddd":0,"ind":1,"ty":4,"nm":"Streak","ks":{"o":{"a":0,"k":100},"r":{"a":0,"k":0},"p":{"a":0,"k":[75,75,0]},"a":{"a":0,"k":[0,0,0]},"s":{"a":0,"k":[100,100,100]}},"ao":0,"shapes":[{"ty":"gr","it":[{"ind":0,"ty":"sh","ix":1,"ks":{"a":0,"k":{"i":[[7.402,-16.777],[34,3]],"o":[[-10,22.667],[-29.386,-2.593]],"v":[[24.667,14.5],[-36.5,44.5]],"c":false}},"nm":"Path 1","mn":"ADBE Vector Shape - Group"},{"ty":"tm","s":{"a":1,"k":[{"i":{"x":[0.833],"y":[0.833]},"o":{"x":[0.167],"y":[0.167]},"n":["0p833_0p833_0p167_0p167"],"t":6,"s":[100],"e":[27.333]},{"i":{"x":[0.833],"y":[0.833]},"o":{"x":[0.167],"y":[0.167]},"n":["0p833_0p833_0p167_0p167"],"t":16,"s":[27.333],"e":[10.2]},{"i":{"x":[0.667],"y":[1]},"o":{"x":[0.167],"y":[0.033]},"n":["0p667_1_0p167_0p033"],"t":21,"s":[10.2],"e":[0]},{"t":25}],"ix":1},"e":{"a":1,"k":[{"i":{"x":[0.833],"y":[0.833]},"o":{"x":[0.167],"y":[0.167]},"n":["0p833_0p833_0p167_0p167"],"t":6,"s":[100],"e":[42.171]},{"i":{"x":[0.667],"y":[1]},"o":{"x":[0.167],"y":[0.033]},"n":["0p667_1_0p167_0p033"],"t":21,"s":[42.171],"e":[0]},{"t":25}],"ix":2},"o":{"a":0,"k":0,"ix":3},"m":1,"ix":2,"nm":"Trim Paths 1","mn":"ADBE Vector Filter - Trim"},{"ty":"st","c":{"a":0,"k":[0,0,0,1]},"o":{"a":0,"k":100},"w":{"a":0,"k":5},"lc":2,"lj":1,"ml":4,"nm":"Stroke 1","mn":"ADBE Vector Graphic - Stroke"},{"ty":"tr","p":{"a":0,"k":[0,0],"ix":2},"a":{"a":0,"k":[0,0],"ix":1},"s":{"a":0,"k":[100,100],"ix":3},"r":{"a":0,"k":0,"ix":6},"o":{"a":0,"k":100,"ix":7},"sk":{"a":0,"k":0,"ix":4},"sa":{"a":0,"k":0,"ix":5},"nm":"Transform"}],"nm":"Shape 1","np":3,"cix":2,"ix":1,"mn":"ADBE Vector Group"}],"ip":6,"op":88,"st":-14,"bm":0,"sr":1},{"ddd":0,"ind":2,"ty":4,"nm":"Streak","ks":{"o":{"a":0,"k":100},"r":{"a":0,"k":0},"p":{"a":0,"k":[75,75,0]},"a":{"a":0,"k":[0,0,0]},"s":{"a":0,"k":[100,100,100]}},"ao":0,"shapes":[{"ty":"gr","it":[{"ind":0,"ty":"sh","ix":1,"ks":{"a":0,"k":{"i":[[11.851,-13.993],[25.667,1.833]],"o":[[-13.833,16.333],[-29.425,-2.102]],"v":[[8.333,19.167],[-41.667,39.167]],"c":false}},"nm":"Path 2","mn":"ADBE Vector Shape - Group"},{"ty":"tm","s":{"a":1,"k":[{"i":{"x":[0.833],"y":[0.833]},"o":{"x":[0.167],"y":[0.167]},"n":["0p833_0p833_0p167_0p167"],"t":6,"s":[100],"e":[26.633]},{"i":{"x":[0.833],"y":[0.833]},"o":{"x":[0.167],"y":[0.167]},"n":["0p833_0p833_0p167_0p167"],"t":16,"s":[26.633],"e":[10.2]},{"i":{"x":[0.667],"y":[1]},"o":{"x":[0.167],"y":[0.033]},"n":["0p667_1_0p167_0p033"],"t":21,"s":[10.2],"e":[0]},{"t":25}],"ix":1},"e":{"a":1,"k":[{"i":{"x":[0.833],"y":[0.833]},"o":{"x":[0.167],"y":[0.167]},"n":["0p833_0p833_0p167_0p167"],"t":6,"s":[100],"e":[42.668]},{"i":{"x":[0.833],"y":[0.833]},"o":{"x":[0.167],"y":[0.167]},"n":["0p833_0p833_0p167_0p167"],"t":16,"s":[42.668],"e":[0]},{"t":25}],"ix":2},"o":{"a":0,"k":0,"ix":3},"m":1,"ix":2,"nm":"Trim Paths 1","mn":"ADBE Vector Filter - Trim"},{"ty":"st","c":{"a":0,"k":[0,0,0,1]},"o":{"a":0,"k":100},"w":{"a":0,"k":5},"lc":2,"lj":1,"ml":4,"nm":"Stroke 1","mn":"ADBE Vector Graphic - Stroke"},{"ty":"tr","p":{"a":0,"k":[0,0],"ix":2},"a":{"a":0,"k":[0,0],"ix":1},"s":{"a":0,"k":[100,100],"ix":3},"r":{"a":0,"k":0,"ix":6},"o":{"a":0,"k":100,"ix":7},"sk":{"a":0,"k":0,"ix":4},"sa":{"a":0,"k":0,"ix":5},"nm":"Transform"}],"nm":"Shape 1","np":3,"cix":2,"ix":1,"mn":"ADBE Vector Group"}],"ip":6,"op":88,"st":-14,"bm":0,"sr":1},{"ddd":0,"ind":3,"ty":4,"nm":"Wrist","ks":{"o":{"a":0,"k":100},"r":{"a":1,"k":[{"i":{"x":[0.232],"y":[1]},"o":{"x":[0.167],"y":[0.033]},"n":["0p232_1_0p167_0p033"],"t":2,"s":[80],"e":[-24]},{"i":{"x":[0.474],"y":[1]},"o":{"x":[0.333],"y":[0]},"n":["0p474_1_0p333_0"],"t":20,"s":[-24],"e":[0]},{"t":38}]},"p":{"a":1,"k":[{"i":{"x":0.22,"y":1},"o":{"x":0.167,"y":0.167},"n":"0p22_1_0p167_0p167","t":2,"s":[36.066,109.52,0],"e":[36.118,76.032,0],"to":[0.00853402819484,-5.58133316040039,0],"ti":[-0.01632204465568,-0.00618695560843,0]},{"i":{"x":0.474,"y":1},"o":{"x":0.78,"y":0},"n":"0p474_1_0p78_0","t":20,"s":[36.118,76.032,0],"e":[36.066,87.52,0],"to":[0.74686586856842,0.28310337662697,0],"ti":[0.00853402819484,-1.41466665267944,0]},{"i":{"x":0.833,"y":0.833},"o":{"x":0.333,"y":0},"n":"0p833_0p833_0p333_0","t":38,"s":[36.066,87.52,0],"e":[36.066,84.52,0],"to":[-0.00853402819484,1.41466665267944,0],"ti":[0,0.5,0]},{"t":57}]},"a":{"a":0,"k":[36.066,84.52,0]},"s":{"a":1,"k":[{"i":{"x":[0.232,0.232,0.667],"y":[1,1,1]},"o":{"x":[0.167,0.167,0.167],"y":[0.033,0.033,3.333]},"n":["0p232_1_0p167_0p033","0p232_1_0p167_0p033","0p667_1_0p167_3p333"],"t":2,"s":[0,0,100],"e":[100,100,100]},{"t":20}]}},"ao":0,"shapes":[{"ty":"gr","it":[{"ind":0,"ty":"sh","ix":1,"ks":{"a":0,"k":{"i":[[0,0],[0,0],[1.56,0],[0,0],[0,1.69],[0,0],[-1.56,0],[0,0],[0,-1.56],[0,0]],"o":[[0,0],[0,1.69],[0,0],[-1.56,0],[0,0],[0,-1.56],[0,0],[1.56,0],[0,0],[0,0]],"v":[[-13.846,29.381],[-13.846,35.361],[-16.836,38.481],[-38.157,38.481],[-41.146,35.361],[-41.146,-14.691],[-38.157,-17.681],[-16.836,-17.681],[-13.846,-14.691],[-13.846,-11.311]],"c":true}},"nm":"Path 2","mn":"ADBE Vector Shape - Group"},{"ty":"fl","c":{"a":0,"k":[0,0,0,1]},"o":{"a":0,"k":100},"r":1,"nm":"Fill 1","mn":"ADBE Vector Graphic - Fill"},{"ty":"tr","p":{"a":0,"k":[77.213,74.12],"ix":2},"a":{"a":0,"k":[0,0],"ix":1},"s":{"a":0,"k":[100,100],"ix":3},"r":{"a":0,"k":0,"ix":6},"o":{"a":0,"k":100,"ix":7},"sk":{"a":0,"k":0,"ix":4},"sa":{"a":0,"k":0,"ix":5},"nm":"Transform"}],"nm":"Group 1","np":2,"cix":2,"ix":1,"mn":"ADBE Vector Group"}],"ip":0,"op":88,"st":-15,"bm":0,"sr":1},{"ddd":0,"ind":4,"ty":4,"nm":"Hand","parent":3,"ks":{"o":{"a":0,"k":100},"r":{"a":1,"k":[{"i":{"x":[0.833],"y":[1]},"o":{"x":[0.167],"y":[0.033]},"n":["0p833_1_0p167_0p033"],"t":13,"s":[20.9],"e":[-7]},{"i":{"x":[0.833],"y":[1]},"o":{"x":[0.167],"y":[0]},"n":["0p833_1_0p167_0"],"t":26,"s":[-7],"e":[3]},{"i":{"x":[0.833],"y":[1]},"o":{"x":[0.167],"y":[0]},"n":["0p833_1_0p167_0"],"t":44,"s":[3],"e":[0]},{"t":72}]},"p":{"a":0,"k":[56,84,0]},"a":{"a":0,"k":[56,84,0]},"s":{"a":0,"k":[100,100,100]}},"ao":0,"shapes":[{"ty":"gr","it":[{"ind":0,"ty":"sh","ix":1,"ks":{"a":1,"k":[{"i":{"x":0.667,"y":1},"o":{"x":0.167,"y":0.167},"n":"0p667_1_0p167_0p167","t":1,"s":[{"i":[[-1.69,0],[6.761,0.261],[-1.43,0],[7.28,0],[0,0],[0,1.69],[0,5.2],[2.08,0],[0.26,-2.21],[9.88,-4.29],[0,0],[0,0],[0,0],[-5.85,-0.26],[9.099,1.95],[-1.43,0],[6.761,0.78]],"o":[[7.41,0],[-1.43,-0.129],[6.761,0],[0,0],[-2.731,0],[0,-3.12],[0,-6.631],[-2.21,0],[-1.561,10.401],[0,0],[0,0],[0,0],[13.91,6.89],[8.84,0.259],[-1.951,-0.26],[9.23,0],[-1.69,-0.26]],"v":[[25.025,8.71],[25.936,0.649],[25.936,-0.91],[24.245,-9.491],[16.576,-9.491],[12.546,-12.871],[18.005,-27.951],[12.674,-38.482],[9.035,-34.452],[-13.846,-2.471],[-23.721,-2.37],[-22.198,21.204],[-13.846,21.061],[18.135,28.731],[22.296,20.021],[21.906,18.07],[25.025,10.4]],"c":true}],"e":[{"i":[[-1.69,0],[6.761,0.261],[-1.43,0],[7.28,0],[0,0],[0,1.69],[-1.738,4.901],[1.96,0.695],[0.984,-1.996],[9.88,-4.29],[0,0],[0,0],[0,0],[-5.85,-0.26],[9.099,1.95],[-1.43,0],[6.761,0.78]],"o":[[7.41,0],[-1.43,-0.129],[6.761,0],[0,0],[-2.731,0],[0,-3.12],[2.216,-6.25],[-2.083,-0.739],[-4.948,9.281],[0,0],[0,0],[0,0],[13.91,6.89],[8.84,0.259],[-1.951,-0.26],[9.23,0],[-1.69,-0.26]],"v":[[25.025,8.71],[25.936,0.649],[25.936,-0.91],[24.245,-9.491],[16.576,-9.491],[12.546,-12.871],[19.366,-24.327],[17.862,-36.034],[13.085,-33.452],[-13.846,-2.471],[-23.721,-2.37],[-22.198,21.204],[-13.846,21.061],[18.135,28.731],[22.296,20.021],[21.906,18.07],[25.025,10.4]],"c":true}]},{"i":{"x":0.667,"y":1},"o":{"x":0.333,"y":0},"n":"0p667_1_0p333_0","t":18,"s":[{"i":[[-1.69,0],[6.761,0.261],[-1.43,0],[7.28,0],[0,0],[0,1.69],[-1.738,4.901],[1.96,0.695],[0.984,-1.996],[9.88,-4.29],[0,0],[0,0],[0,0],[-5.85,-0.26],[9.099,1.95],[-1.43,0],[6.761,0.78]],"o":[[7.41,0],[-1.43,-0.129],[6.761,0],[0,0],[-2.731,0],[0,-3.12],[2.216,-6.25],[-2.083,-0.739],[-4.948,9.281],[0,0],[0,0],[0,0],[13.91,6.89],[8.84,0.259],[-1.951,-0.26],[9.23,0],[-1.69,-0.26]],"v":[[25.025,8.71],[25.936,0.649],[25.936,-0.91],[24.245,-9.491],[16.576,-9.491],[12.546,-12.871],[19.366,-24.327],[17.862,-36.034],[13.085,-33.452],[-13.846,-2.471],[-23.721,-2.37],[-22.198,21.204],[-13.846,21.061],[18.135,28.731],[22.296,20.021],[21.906,18.07],[25.025,10.4]],"c":true}],"e":[{"i":[[-1.69,0],[6.761,0.261],[-1.43,0],[7.28,0],[0,0],[-0.323,1.639],[0.294,4.946],[1.978,-0.118],[0.122,-2.117],[9.88,-4.29],[0,0],[0,0],[0,0],[-5.85,-0.26],[9.099,1.95],[-1.43,0],[6.761,0.78]],"o":[[7.41,0],[-1.43,-0.129],[6.761,0],[0,0],[-2.731,0],[1.281,-5.148],[-0.375,-6.307],[-2.102,0.125],[-0.896,9.981],[0,0],[0,0],[0,0],[13.91,6.89],[8.84,0.259],[-1.951,-0.26],[9.23,0],[-1.69,-0.26]],"v":[[25.025,8.71],[25.936,0.649],[25.936,-0.91],[24.245,-9.491],[16.576,-9.491],[12.546,-12.871],[15.592,-31.445],[9.927,-41.16],[6.694,-37.121],[-13.846,-2.471],[-23.721,-2.37],[-22.198,21.204],[-13.846,21.061],[18.135,28.731],[22.296,20.021],[21.906,18.07],[25.025,10.4]],"c":true}]},{"i":{"x":0.667,"y":1},"o":{"x":0.333,"y":0},"n":"0p667_1_0p333_0","t":30,"s":[{"i":[[-1.69,0],[6.761,0.261],[-1.43,0],[7.28,0],[0,0],[-0.323,1.639],[0.294,4.946],[1.978,-0.118],[0.122,-2.117],[9.88,-4.29],[0,0],[0,0],[0,0],[-5.85,-0.26],[9.099,1.95],[-1.43,0],[6.761,0.78]],"o":[[7.41,0],[-1.43,-0.129],[6.761,0],[0,0],[-2.731,0],[1.281,-5.148],[-0.375,-6.307],[-2.102,0.125],[-0.896,9.981],[0,0],[0,0],[0,0],[13.91,6.89],[8.84,0.259],[-1.951,-0.26],[9.23,0],[-1.69,-0.26]],"v":[[25.025,8.71],[25.936,0.649],[25.936,-0.91],[24.245,-9.491],[16.576,-9.491],[12.546,-12.871],[15.592,-31.445],[9.927,-41.16],[6.694,-37.121],[-13.846,-2.471],[-23.721,-2.37],[-22.198,21.204],[-13.846,21.061],[18.135,28.731],[22.296,20.021],[21.906,18.07],[25.025,10.4]],"c":true}],"e":[{"i":[[-1.69,0],[6.761,0.261],[-1.43,0],[7.28,0],[0,0],[0,1.69],[0,5.2],[2.08,0],[0.26,-2.21],[9.88,-4.29],[0,0],[0,0],[0,0],[-5.85,-0.26],[9.099,1.95],[-1.43,0],[6.761,0.78]],"o":[[7.41,0],[-1.43,-0.129],[6.761,0],[0,0],[-2.731,0],[0,-3.12],[0,-6.631],[-2.21,0],[-1.561,10.401],[0,0],[0,0],[0,0],[13.91,6.89],[8.84,0.259],[-1.951,-0.26],[9.23,0],[-1.69,-0.26]],"v":[[25.025,8.71],[25.936,0.649],[25.936,-0.91],[24.245,-9.491],[16.576,-9.491],[12.546,-12.871],[18.005,-27.951],[12.674,-38.482],[9.035,-34.452],[-13.846,-2.471],[-23.721,-2.37],[-22.198,21.204],[-13.846,21.061],[18.135,28.731],[22.296,20.021],[21.906,18.07],[25.025,10.4]],"c":true}]},{"i":{"x":0.667,"y":1},"o":{"x":0.333,"y":0},"n":"0p667_1_0p333_0","t":41,"s":[{"i":[[-1.69,0],[6.761,0.261],[-1.43,0],[7.28,0],[0,0],[0,1.69],[0,5.2],[2.08,0],[0.26,-2.21],[9.88,-4.29],[0,0],[0,0],[0,0],[-5.85,-0.26],[9.099,1.95],[-1.43,0],[6.761,0.78]],"o":[[7.41,0],[-1.43,-0.129],[6.761,0],[0,0],[-2.731,0],[0,-3.12],[0,-6.631],[-2.21,0],[-1.561,10.401],[0,0],[0,0],[0,0],[13.91,6.89],[8.84,0.259],[-1.951,-0.26],[9.23,0],[-1.69,-0.26]],"v":[[25.025,8.71],[25.936,0.649],[25.936,-0.91],[24.245,-9.491],[16.576,-9.491],[12.546,-12.871],[18.005,-27.951],[12.674,-38.482],[9.035,-34.452],[-13.846,-2.471],[-23.721,-2.37],[-22.198,21.204],[-13.846,21.061],[18.135,28.731],[22.296,20.021],[21.906,18.07],[25.025,10.4]],"c":true}],"e":[{"i":[[-1.69,0],[6.761,0.261],[-1.43,0],[7.28,0],[0,0],[0,1.69],[-0.622,5.093],[2.037,0.249],[0.519,-2.133],[9.88,-4.29],[0,0],[0,0],[0,0],[-5.85,-0.26],[9.099,1.95],[-1.43,0],[6.761,0.78]],"o":[[7.41,0],[-1.43,-0.129],[6.761,0],[0,0],[-2.731,0],[0,-3.12],[0.794,-6.494],[-2.164,-0.265],[-2.774,10],[0,0],[0,0],[0,0],[13.91,6.89],[8.84,0.259],[-1.951,-0.26],[9.23,0],[-1.69,-0.26]],"v":[[25.025,8.71],[25.936,0.649],[25.936,-0.91],[24.245,-9.491],[16.576,-9.491],[12.546,-12.871],[18.492,-26.653],[14.532,-37.605],[10.486,-34.094],[-13.846,-2.471],[-23.721,-2.37],[-22.198,21.204],[-13.846,21.061],[18.135,28.731],[22.296,20.021],[21.906,18.07],[25.025,10.4]],"c":true}]},{"i":{"x":0.667,"y":1},"o":{"x":0.333,"y":0},"n":"0p667_1_0p333_0","t":51,"s":[{"i":[[-1.69,0],[6.761,0.261],[-1.43,0],[7.28,0],[0,0],[0,1.69],[-0.622,5.093],[2.037,0.249],[0.519,-2.133],[9.88,-4.29],[0,0],[0,0],[0,0],[-5.85,-0.26],[9.099,1.95],[-1.43,0],[6.761,0.78]],"o":[[7.41,0],[-1.43,-0.129],[6.761,0],[0,0],[-2.731,0],[0,-3.12],[0.794,-6.494],[-2.164,-0.265],[-2.774,10],[0,0],[0,0],[0,0],[13.91,6.89],[8.84,0.259],[-1.951,-0.26],[9.23,0],[-1.69,-0.26]],"v":[[25.025,8.71],[25.936,0.649],[25.936,-0.91],[24.245,-9.491],[16.576,-9.491],[12.546,-12.871],[18.492,-26.653],[14.532,-37.605],[10.486,-34.094],[-13.846,-2.471],[-23.721,-2.37],[-22.198,21.204],[-13.846,21.061],[18.135,28.731],[22.296,20.021],[21.906,18.07],[25.025,10.4]],"c":true}],"e":[{"i":[[-1.69,0],[6.761,0.261],[-1.43,0],[7.28,0],[0,0],[0,1.69],[0,5.2],[2.08,0],[0.26,-2.21],[9.88,-4.29],[0,0],[0,0],[0,0],[-5.85,-0.26],[9.099,1.95],[-1.43,0],[6.761,0.78]],"o":[[7.41,0],[-1.43,-0.129],[6.761,0],[0,0],[-2.731,0],[0,-3.12],[0,-6.631],[-2.21,0],[-1.561,10.401],[0,0],[0,0],[0,0],[13.91,6.89],[8.84,0.259],[-1.951,-0.26],[9.23,0],[-1.69,-0.26]],"v":[[25.025,8.71],[25.936,0.649],[25.936,-0.91],[24.245,-9.491],[16.576,-9.491],[12.546,-12.871],[18.005,-27.951],[12.674,-38.482],[9.035,-34.452],[-13.846,-2.471],[-23.721,-2.37],[-22.198,21.204],[-13.846,21.061],[18.135,28.731],[22.296,20.021],[21.906,18.07],[25.025,10.4]],"c":true}]},{"t":86}]},"nm":"Path 1","mn":"ADBE Vector Shape - Group"},{"ind":1,"ty":"sh","ix":2,"ks":{"a":1,"k":[{"i":{"x":0.667,"y":1},"o":{"x":0.167,"y":0.167},"n":"0p667_1_0p167_0p167","t":1,"s":[{"i":[[3.251,-2.339],[4.03,3.769],[0,0],[0,0],[0,0],[0,0],[0,0],[-0.13,0.649],[-5.589,0],[0,-12.09],[1.82,-3.51],[0,0],[2.861,-11.051],[2.34,-2.08]],"o":[[7.541,23.532],[0,0],[0,0],[0,0],[0,0],[0,0],[10.14,-6.63],[1.559,-6.761],[5.851,0],[0,2.991],[0,0],[7.671,0],[2.99,5.069],[2.34,4.68]],"v":[[33.605,22.36],[-13.846,29.381],[-23.096,29.361],[-31.396,29.361],[-31.896,-9.191],[-25.596,-9.691],[-13.846,-11.311],[1.625,-35.231],[12.674,-45.892],[25.415,-28.082],[22.425,-16.901],[24.245,-16.901],[37.766,-2.21],[36.465,10.53]],"c":true}],"e":[{"i":[[3.251,-2.339],[4.03,3.769],[0,0],[0,0],[0,0],[0,0],[0,0],[-0.339,0.568],[-5.268,-1.868],[4.041,-11.395],[1.82,-3.51],[0,0],[2.861,-11.051],[2.34,-2.08]],"o":[[7.541,23.532],[0,0],[0,0],[0,0],[0,0],[0,0],[10.14,-6.63],[3.729,-5.851],[5.514,1.956],[-1,2.819],[0,0],[7.671,0],[2.99,5.069],[2.34,4.68]],"v":[[33.605,22.36],[-13.846,29.381],[-23.096,29.361],[-31.396,29.361],[-31.896,-9.191],[-25.596,-9.691],[-13.846,-11.311],[6.362,-36.663],[20.339,-43.018],[26.394,-21.974],[22.425,-16.901],[24.245,-16.901],[37.766,-2.21],[36.465,10.53]],"c":true}]},{"i":{"x":0.667,"y":1},"o":{"x":0.333,"y":0},"n":"0p667_1_0p333_0","t":18,"s":[{"i":[[3.251,-2.339],[4.03,3.769],[0,0],[0,0],[0,0],[0,0],[0,0],[-0.339,0.568],[-5.268,-1.868],[4.041,-11.395],[1.82,-3.51],[0,0],[2.861,-11.051],[2.34,-2.08]],"o":[[7.541,23.532],[0,0],[0,0],[0,0],[0,0],[0,0],[10.14,-6.63],[3.729,-5.851],[5.514,1.956],[-1,2.819],[0,0],[7.671,0],[2.99,5.069],[2.34,4.68]],"v":[[33.605,22.36],[-13.846,29.381],[-23.096,29.361],[-31.396,29.361],[-31.896,-9.191],[-25.596,-9.691],[-13.846,-11.311],[6.362,-36.663],[20.339,-43.018],[26.394,-21.974],[22.425,-16.901],[24.245,-16.901],[37.766,-2.21],[36.465,10.53]],"c":true}],"e":[{"i":[[3.251,-2.339],[4.03,3.769],[0,0],[0,0],[0,0],[0,0],[0,0],[-0.087,0.625],[-5.316,0.316],[-0.684,-11.499],[1.82,-3.51],[0,0],[2.861,-11.051],[2.34,-2.08]],"o":[[7.541,23.532],[0,0],[0,0],[0,0],[0,0],[0,0],[10.14,-6.63],[1.1,-6.519],[5.565,-0.331],[0.169,2.845],[0,0],[7.671,0],[2.99,5.069],[2.34,4.68]],"v":[[33.605,22.36],[-13.846,29.381],[-23.096,29.361],[-31.396,29.361],[-31.896,-9.191],[-25.596,-9.691],[-13.846,-11.311],[-0.398,-37.443],[9.508,-48.208],[22.634,-31.989],[22.425,-16.901],[24.245,-16.901],[37.766,-2.21],[36.465,10.53]],"c":true}]},{"i":{"x":0.667,"y":1},"o":{"x":0.333,"y":0},"n":"0p667_1_0p333_0","t":30,"s":[{"i":[[3.251,-2.339],[4.03,3.769],[0,0],[0,0],[0,0],[0,0],[0,0],[-0.087,0.625],[-5.316,0.316],[-0.684,-11.499],[1.82,-3.51],[0,0],[2.861,-11.051],[2.34,-2.08]],"o":[[7.541,23.532],[0,0],[0,0],[0,0],[0,0],[0,0],[10.14,-6.63],[1.1,-6.519],[5.565,-0.331],[0.169,2.845],[0,0],[7.671,0],[2.99,5.069],[2.34,4.68]],"v":[[33.605,22.36],[-13.846,29.381],[-23.096,29.361],[-31.396,29.361],[-31.896,-9.191],[-25.596,-9.691],[-13.846,-11.311],[-0.398,-37.443],[9.508,-48.208],[22.634,-31.989],[22.425,-16.901],[24.245,-16.901],[37.766,-2.21],[36.465,10.53]],"c":true}],"e":[{"i":[[3.251,-2.339],[4.03,3.769],[0,0],[0,0],[0,0],[0,0],[0,0],[-0.13,0.649],[-5.589,0],[0,-12.09],[1.82,-3.51],[0,0],[2.861,-11.051],[2.34,-2.08]],"o":[[7.541,23.532],[0,0],[0,0],[0,0],[0,0],[0,0],[10.14,-6.63],[1.559,-6.761],[5.851,0],[0,2.991],[0,0],[7.671,0],[2.99,5.069],[2.34,4.68]],"v":[[33.605,22.36],[-13.846,29.381],[-23.096,29.361],[-31.396,29.361],[-31.896,-9.191],[-25.596,-9.691],[-13.846,-11.311],[1.625,-35.231],[12.674,-45.892],[25.415,-28.082],[22.425,-16.901],[24.245,-16.901],[37.766,-2.21],[36.465,10.53]],"c":true}]},{"i":{"x":0.667,"y":1},"o":{"x":0.333,"y":0},"n":"0p667_1_0p333_0","t":41,"s":[{"i":[[3.251,-2.339],[4.03,3.769],[0,0],[0,0],[0,0],[0,0],[0,0],[-0.13,0.649],[-5.589,0],[0,-12.09],[1.82,-3.51],[0,0],[2.861,-11.051],[2.34,-2.08]],"o":[[7.541,23.532],[0,0],[0,0],[0,0],[0,0],[0,0],[10.14,-6.63],[1.559,-6.761],[5.851,0],[0,2.991],[0,0],[7.671,0],[2.99,5.069],[2.34,4.68]],"v":[[33.605,22.36],[-13.846,29.381],[-23.096,29.361],[-31.396,29.361],[-31.896,-9.191],[-25.596,-9.691],[-13.846,-11.311],[1.625,-35.231],[12.674,-45.892],[25.415,-28.082],[22.425,-16.901],[24.245,-16.901],[37.766,-2.21],[36.465,10.53]],"c":true}],"e":[{"i":[[3.251,-2.339],[4.03,3.769],[0,0],[0,0],[0,0],[0,0],[0,0],[-0.205,0.62],[-5.474,-0.669],[1.447,-11.841],[1.82,-3.51],[0,0],[2.861,-11.051],[2.34,-2.08]],"o":[[7.541,23.532],[0,0],[0,0],[0,0],[0,0],[0,0],[10.14,-6.63],[2.336,-6.435],[5.73,0.7],[-0.358,2.929],[0,0],[7.671,0],[2.99,5.069],[2.34,4.68]],"v":[[33.605,22.36],[-13.846,29.381],[-23.096,29.361],[-31.396,29.361],[-31.896,-9.191],[-25.596,-9.691],[-13.846,-11.311],[3.322,-35.744],[15.419,-44.863],[25.766,-25.894],[22.425,-16.901],[24.245,-16.901],[37.766,-2.21],[36.465,10.53]],"c":true}]},{"i":{"x":0.667,"y":1},"o":{"x":0.333,"y":0},"n":"0p667_1_0p333_0","t":51,"s":[{"i":[[3.251,-2.339],[4.03,3.769],[0,0],[0,0],[0,0],[0,0],[0,0],[-0.205,0.62],[-5.474,-0.669],[1.447,-11.841],[1.82,-3.51],[0,0],[2.861,-11.051],[2.34,-2.08]],"o":[[7.541,23.532],[0,0],[0,0],[0,0],[0,0],[0,0],[10.14,-6.63],[2.336,-6.435],[5.73,0.7],[-0.358,2.929],[0,0],[7.671,0],[2.99,5.069],[2.34,4.68]],"v":[[33.605,22.36],[-13.846,29.381],[-23.096,29.361],[-31.396,29.361],[-31.896,-9.191],[-25.596,-9.691],[-13.846,-11.311],[3.322,-35.744],[15.419,-44.863],[25.766,-25.894],[22.425,-16.901],[24.245,-16.901],[37.766,-2.21],[36.465,10.53]],"c":true}],"e":[{"i":[[3.251,-2.339],[4.03,3.769],[0,0],[0,0],[0,0],[0,0],[0,0],[-0.13,0.649],[-5.589,0],[0,-12.09],[1.82,-3.51],[0,0],[2.861,-11.051],[2.34,-2.08]],"o":[[7.541,23.532],[0,0],[0,0],[0,0],[0,0],[0,0],[10.14,-6.63],[1.559,-6.761],[5.851,0],[0,2.991],[0,0],[7.671,0],[2.99,5.069],[2.34,4.68]],"v":[[33.605,22.36],[-13.846,29.381],[-23.096,29.361],[-31.396,29.361],[-31.896,-9.191],[-25.596,-9.691],[-13.846,-11.311],[1.625,-35.231],[12.674,-45.892],[25.415,-28.082],[22.425,-16.901],[24.245,-16.901],[37.766,-2.21],[36.465,10.53]],"c":true}]},{"t":86}]},"nm":"Path 2","mn":"ADBE Vector Shape - Group"},{"ty":"fl","c":{"a":0,"k":[0,0,0,1]},"o":{"a":0,"k":100},"r":1,"nm":"Fill 1","mn":"ADBE Vector Graphic - Fill"},{"ty":"tr","p":{"a":0,"k":[77.213,74.12],"ix":2},"a":{"a":0,"k":[0,0],"ix":1},"s":{"a":0,"k":[100,100],"ix":3},"r":{"a":0,"k":0,"ix":6},"o":{"a":0,"k":100,"ix":7},"sk":{"a":0,"k":0,"ix":4},"sa":{"a":0,"k":0,"ix":5},"nm":"Transform"}],"nm":"Group 1","np":3,"cix":2,"ix":1,"mn":"ADBE Vector Group"}],"ip":0,"op":88,"st":-15,"bm":0,"sr":1}]}